{
	"format_version": "1.21.40",
	"minecraft:geometry": [
		{
			"description": {
				"identifier": "geometry.vertical_slab",
				"texture_width": 16,
				"texture_height": 16,
				"visible_bounds_width": 2,
				"visible_bounds_height": 2.5,
				"visible_bounds_offset": [0, 0.75, 0]
			},
			"bones": [
				{
					"name": "vertical_slab",
					"pivot": [-7, 0, 7],
					"cubes": [
						{
							"origin": [-8, 0, -8],
							"size": [16, 16, 8],
							"uv": {
								"north": {"uv": [0, 0], "uv_size": [16, 16]},
								"east": {"uv": [0, 0], "uv_size": [8, 16]},
								"south": {"uv": [0, 0], "uv_size": [16, 16]},
								"west": {"uv": [0, 0], "uv_size": [8, 16]},
								"up": {"uv": [16, 8], "uv_size": [-16, -8]},
								"down": {"uv": [16, 8], "uv_size": [-16, -8]}
							}
						}
					]
				}
			]
		}
	]
}