{
    "format_version": "1.21.40",
    "minecraft:recipe_shaped": {
        "description": {
            "identifier": "douarmc:acacia_vertical_slab"
        },
        "tags": ["vertical_slab_crafting_table"],
        "unlock": [
            {
                "item": "minecraft:acacia_planks"
            }
        ],
        "key": {
            "B": {
                "item": "minecraft:acacia_planks"
            }
        },
        "pattern": [
            "B",
            "B",
            "B"
        ],
        "result": {
            "item": "douarmc:acacia_vertical_slab",
            "count": 6
        }
    }
}