{
    "format_version": "1.21.40",
    "minecraft:recipe_shapeless": {
        "description": {
            "identifier": "douarmc:vertical_slab_crafting_table"
        },
        "tags": ["crafting_table"],
        "unlock": [
            {
                "item": "minecraft:crafting_table"
            }
        ],
        "ingredients": [
            {
                "item": "minecraft:crafting_table"
            }
        ],
        "result": {
            "item": "douarmc:vertical_slab_crafting_table",
            "count": 2
        }
    }
}