{
   "content" : [
      {
         "path" : "blocks/tuff_vertical_slab.json"
      },
      {
         "path" : "contents.json"
      },
      {
         "path" : "blocks/smooth_sandstone_vertical_slab.json"
      },
      {
         "path" : "blocks/cobblestone_vertical_slab.json"
      },
      {
         "path" : "blocks/birch_vertical_slab.json"
      },
      {
         "path" : "blocks/waxed_cut_copper_vertical_slab.json"
      },
      {
         "path" : "blocks/dark_oak_vertical_slab.json"
      },
      {
         "path" : "blocks/acacia_vertical_slab.json"
      },
      {
         "path" : "recipes/smooth_quartz_vertical_slab.json"
      },
      {
         "path" : "blocks/warped_vertical_slab.json"
      },
      {
         "path" : "blocks/sandstone_vertical_slab.json"
      },
      {
         "path" : "blocks/andesite_vertical_slab.json"
      },
      {
         "path" : "blocks/polished_blackstone_brick_vertical_slab.json"
      },
      {
         "path" : "blocks/brick_vertical_slab.json"
      },
      {
         "path" : "blocks/polished_blackstone_vertical_slab.json"
      },
      {
         "path" : "blocks/bamboo_mosaic_vertical_slab.json"
      },
      {
         "path" : "manifest.json"
      },
      {
         "path" : "blocks/bamboo_vertical_slab.json"
      },
      {
         "path" : "blocks/cut_red_sandstone_vertical_slab.json"
      },
      {
         "path" : "blocks/blackstone_vertical_slab.json"
      },
      {
         "path" : "blocks/cut_sandstone_vertical_slab.json"
      },
      {
         "path" : "blocks/cherry_vertical_slab.json"
      },
      {
         "path" : "blocks/cobbled_deepslate_vertical_slab.json"
      },
      {
         "path" : "blocks/polished_diorite_vertical_slab.json"
      },
      {
         "path" : "blocks/crimson_vertical_slab.json"
      },
      {
         "path" : "blocks/oak_vertical_slab.json"
      },
      {
         "path" : "blocks/cut_copper_vertical_slab.json"
      },
      {
         "path" : "blocks/dark_prismarine_vertical_slab.json"
      },
      {
         "path" : "blocks/vertical_slab_crafting_table.json"
      },
      {
         "path" : "recipes/deepslate_tile_vertical_slab.json"
      },
      {
         "path" : "blocks/oxidized_cut_copper_vertical_slab.json"
      },
      {
         "path" : "blocks/jungle_vertical_slab.json"
      },
      {
         "path" : "blocks/deepslate_brick_vertical_slab.json"
      },
      {
         "path" : "blocks/exposed_cut_copper_vertical_slab.json"
      },
      {
         "path" : "blocks/smooth_stone_vertical_slab.json"
      },
      {
         "path" : "blocks/deepslate_tile_vertical_slab.json"
      },
      {
         "path" : "blocks/nether_brick_vertical_slab.json"
      },
      {
         "path" : "blocks/granite_vertical_slab.json"
      },
      {
         "path" : "recipes/mossy_stone_brick_vertical_slab.json"
      },
      {
         "path" : "blocks/diorite_vertical_slab.json"
      },
      {
         "path" : "blocks/end_stone_brick_vertical_slab.json"
      },
      {
         "path" : "blocks/mangrove_vertical_slab.json"
      },
      {
         "path" : "blocks/mossy_cobblestone_vertical_slab.json"
      },
      {
         "path" : "blocks/waxed_weathered_cut_copper_vertical_slab.json"
      },
      {
         "path" : "blocks/mossy_stone_brick_vertical_slab.json"
      },
      {
         "path" : "recipes/tuff_brick_vertical_slab.json"
      },
      {
         "path" : "blocks/mud_brick_vertical_slab.json"
      },
      {
         "path" : "blocks/normal_stone_vertical_slab.json"
      },
      {
         "path" : "recipes/warped_vertical_slab.json"
      },
      {
         "path" : "blocks/polished_andesite_vertical_slab.json"
      },
      {
         "path" : "recipes/vertical_slab_crafting_table.json"
      },
      {
         "path" : "blocks/polished_deepslate_vertical_slab.json"
      },
      {
         "path" : "blocks/polished_granite_vertical_slab.json"
      },
      {
         "path" : "blocks/spruce_vertical_slab.json"
      },
      {
         "path" : "recipes/oxidized_cut_copper_vertical_slab.json"
      },
      {
         "path" : "blocks/polished_tuff_vertical_slab.json"
      },
      {
         "path" : "blocks/smooth_red_sandstone_vertical_slab.json"
      },
      {
         "path" : "blocks/prismarine_brick_vertical_slab.json"
      },
      {
         "path" : "blocks/red_nether_brick_vertical_slab.json"
      },
      {
         "path" : "blocks/prismarine_vertical_slab.json"
      },
      {
         "path" : "blocks/purpur_vertical_slab.json"
      },
      {
         "path" : "blocks/quartz_vertical_slab.json"
      },
      {
         "path" : "blocks/red_sandstone_vertical_slab.json"
      },
      {
         "path" : "blocks/smooth_quartz_vertical_slab.json"
      },
      {
         "path" : "recipes/acacia_vertical_slab.json"
      },
      {
         "path" : "blocks/stone_brick_vertical_slab.json"
      },
      {
         "path" : "blocks/tuff_brick_vertical_slab.json"
      },
      {
         "path" : "blocks/waxed_exposed_cut_copper_vertical_slab.json"
      },
      {
         "path" : "blocks/waxed_oxidized_cut_copper_vertical_slab.json"
      },
      {
         "path" : "blocks/weathered_cut_copper_vertical_slab.json"
      },
      {
         "path" : "pack_icon.png"
      },
      {
         "path" : "recipes/andesite_vertical_slab.json"
      },
      {
         "path" : "recipes/bamboo_mosaic_vertical_slab.json"
      },
      {
         "path" : "recipes/bamboo_vertical_slab.json"
      },
      {
         "path" : "recipes/birch_vertical_slab.json"
      },
      {
         "path" : "recipes/blackstone_vertical_slab.json"
      },
      {
         "path" : "recipes/brick_vertical_slab.json"
      },
      {
         "path" : "recipes/cherry_vertical_slab.json"
      },
      {
         "path" : "recipes/cobbled_deepslate_vertical_slab.json"
      },
      {
         "path" : "recipes/diorite_vertical_slab.json"
      },
      {
         "path" : "recipes/cobblestone_vertical_slab.json"
      },
      {
         "path" : "texts/en_US.lang"
      },
      {
         "path" : "recipes/crimson_vertical_slab.json"
      },
      {
         "path" : "recipes/cut_copper_vertical_slab.json"
      },
      {
         "path" : "recipes/cut_red_sandstone_vertical_slab.json"
      },
      {
         "path" : "recipes/cut_sandstone_vertical_slab.json"
      },
      {
         "path" : "recipes/dark_oak_vertical_slab.json"
      },
      {
         "path" : "recipes/dark_prismarine_vertical_slab.json"
      },
      {
         "path" : "recipes/deepslate_brick_vertical_slab.json"
      },
      {
         "path" : "recipes/end_stone_brick_vertical_slab.json"
      },
      {
         "path" : "recipes/exposed_cut_copper_vertical_slab.json"
      },
      {
         "path" : "recipes/granite_vertical_slab.json"
      },
      {
         "path" : "recipes/jungle_vertical_slab.json"
      },
      {
         "path" : "recipes/tuff_vertical_slab.json"
      },
      {
         "path" : "recipes/mangrove_vertical_slab.json"
      },
      {
         "path" : "recipes/mossy_cobblestone_vertical_slab.json"
      },
      {
         "path" : "recipes/mud_brick_vertical_slab.json"
      },
      {
         "path" : "recipes/nether_brick_vertical_slab.json"
      },
      {
         "path" : "recipes/normal_stone_vertical_slab.json"
      },
      {
         "path" : "recipes/oak_vertical_slab.json"
      },
      {
         "path" : "recipes/polished_andesite_vertical_slab.json"
      },
      {
         "path" : "recipes/polished_blackstone_brick_vertical_slab.json"
      },
      {
         "path" : "recipes/polished_blackstone_vertical_slab.json"
      },
      {
         "path" : "recipes/polished_deepslate_vertical_slab.json"
      },
      {
         "path" : "recipes/polished_diorite_vertical_slab.json"
      },
      {
         "path" : "recipes/stone_brick_vertical_slab.json"
      },
      {
         "path" : "recipes/polished_granite_vertical_slab.json"
      },
      {
         "path" : "recipes/polished_tuff_vertical_slab.json"
      },
      {
         "path" : "recipes/prismarine_brick_vertical_slab.json"
      },
      {
         "path" : "recipes/prismarine_vertical_slab.json"
      },
      {
         "path" : "recipes/purpur_vertical_slab.json"
      },
      {
         "path" : "recipes/quartz_vertical_slab.json"
      },
      {
         "path" : "recipes/red_nether_brick_vertical_slab.json"
      },
      {
         "path" : "recipes/red_sandstone_vertical_slab.json"
      },
      {
         "path" : "recipes/sandstone_vertical_slab.json"
      },
      {
         "path" : "recipes/smooth_red_sandstone_vertical_slab.json"
      },
      {
         "path" : "recipes/smooth_sandstone_vertical_slab.json"
      },
      {
         "path" : "recipes/smooth_stone_vertical_slab.json"
      },
      {
         "path" : "recipes/spruce_vertical_slab.json"
      },
      {
         "path" : "recipes/waxed_cut_copper_vertical_slab.json"
      },
      {
         "path" : "recipes/waxed_exposed_cut_copper_vertical_slab.json"
      },
      {
         "path" : "recipes/waxed_oxidized_cut_copper_vertical_slab.json"
      },
      {
         "path" : "recipes/waxed_weathered_cut_copper_vertical_slab.json"
      },
      {
         "path" : "recipes/weathered_cut_copper_vertical_slab.json"
      },
      {
         "path" : "texts/languages.json"
      }
   ],
   "version" : 1
}
