{
    "format_version": "1.21.40",
    "minecraft:block": {
        "description": {
            "identifier": "douarmc:vertical_slab_crafting_table",
            "menu_category": {
                "category": "items",
                "is_hidden_in_commands": false
            },
            "traits": {
                "minecraft:placement_direction": {
                    "enabled_states": ["minecraft:cardinal_direction"]
                }
            }
        },
        "components": {
            "tag:douarmc:stuff": {},

            "minecraft:geometry": {
                "identifier": "geometry.vertical_slab"
            },
            "minecraft:material_instances": {
                "side": {
                    "ambient_occlusion": true,
                    "face_dimming": true,
                    "render_method": "opaque",
                    "texture": "crafting_table_side"
                },
                "up": {
                    "ambient_occlusion": true,
                    "face_dimming": true,
                    "render_method": "opaque",
                    "texture": "crafting_table_top"
                },
                "down": {
                    "ambient_occlusion": true,
                    "face_dimming": true,
                    "render_method": "opaque",
                    "texture": "crafting_table_bottom"
                },
                "south": {
                    "ambient_occlusion": true,
                    "face_dimming": true,
                    "render_method": "opaque",
                    "texture": "crafting_table_front"
                },
                "east": "side",
                "west": "side",
                "north": "side"
            },
            "minecraft:crafting_table": {
                "crafting_tags": ["vertical_slab_crafting_table"],
                "table_name": "tile.douarmc:vertical_slab_crafting_table.name"
            },
            "minecraft:collision_box": {
                "origin": [-8, 0, -8],
                "size": [16, 16, 8]
            },
            "minecraft:selection_box": {
                "origin": [-8, 0, -8],
                "size": [16, 16, 8]
            }
        },
        "permutations": [
            {
                "condition": "query.block_state('minecraft:cardinal_direction') == 'north'",
                "components": {
                    "minecraft:transformation": {
                        "rotation_pivot": [0, 0, 0],
                        "rotation": [0, 180, 0]
                    }
                }
            },
            {
                "condition": "query.block_state('minecraft:cardinal_direction') == 'south'",
                "components": {
                    "minecraft:transformation": {
                        "rotation_pivot": [0, 0, 0],
                        "rotation": [0, 0, 0]
                    }
                }
            },
            {
                "condition": "query.block_state('minecraft:cardinal_direction') == 'west'",
                "components": {
                    "minecraft:transformation": {
                        "rotation_pivot": [0, 0, 0],
                        "rotation": [0, 270, 0]
                    }
                }
            },
            {
                "condition": "query.block_state('minecraft:cardinal_direction') == 'east'",
                "components": {
                    "minecraft:transformation": {
                        "rotation_pivot": [0, 0, 0],
                        "rotation": [0, 90, 0]
                    }
                }
            }
        ]
    }
}